SECTOR,LAT,LON,CITY,TARGET_FACILITY,RISK_LEVEL
SEC-09,46.20,06.14,Geneva,Water Treatment Plant,Critical
SEC-47,37.84,16.83,Rome,Supply Depot,High
SEC-95,42.38,3.33,Brussels,Power Grid Substation,Low
SEC-91,38.43,-2.90,Vienna,Communications Tower,Medium
SEC-58,50.48,8.32,Copenhagen,Railway Junction,Extreme
SEC-38,59.58,14.45,Rome,Embassy Annex,Medium
SEC-71,44.63,14.51,Copenhagen,Railway Junction,Extreme
SEC-84,42.54,-8.26,Warsaw,Embassy Annex,Low
SEC-63,50.75,12.59,Berlin,Communications Tower,Medium
SEC-64,49.12,-0.59,Zurich,Communications Tower,Medium
SEC-76,43.03,19.36,Geneva,Supply Depot,High
SEC-83,45.29,-3.06,Zurich,Power Grid Substation,Low
SEC-21,53.64,3.70,Rome,Power Grid Substation,Medium
SEC-85,48.75,24.20,Paris,Power Grid Substation,Extreme
SEC-10,50.00,-8.90,Geneva,Water Treatment Plant,Extreme
SEC-35,38.36,13.47,Copenhagen,Railway Junction,Medium
SEC-67,54.30,3.71,Warsaw,Embassy Annex,Low
SEC-61,59.77,12.32,Copenhagen,Communications Tower,High
SEC-94,58.30,25.87,Rome,Power Grid Substation,Low
SEC-92,45.02,2.79,Berlin,Supply Depot,Medium
SEC-78,45.32,19.58,Brussels,Embassy Annex,Medium
SEC-98,37.86,-6.52,Warsaw,Water Treatment Plant,Medium
SEC-40,54.14,27.10,Berlin,Supply Depot,Medium
SEC-50,38.60,5.83,Copenhagen,Communications Tower,High
SEC-44,59.52,18.74,Vienna,Water Treatment Plant,Extreme
SEC-21,36.82,5.76,Prague,Power Grid Substation,Extreme
SEC-58,58.05,4.56,Geneva,Water Treatment Plant,Low
SEC-56,43.15,12.92,Copenhagen,Supply Depot,Extreme
SEC-16,42.41,-4.84,Vienna,Power Grid Substation,Extreme
SEC-26,40.00,16.42,Berlin,Communications Tower,Extreme
SEC-49,41.72,-4.81,Prague,Power Grid Substation,Low
SEC-45,50.64,14.23,Copenhagen,Communications Tower,High
SEC-78,38.48,15.18,Rome,Embassy Annex,Extreme
SEC-30,50.06,28.02,Brussels,Supply Depot,Medium
SEC-16,35.74,13.55,Berlin,Communications Tower,Extreme
SEC-31,56.17,-0.42,Vienna,Communications Tower,Low
SEC-51,41.80,3.47,Prague,Supply Depot,Low
SEC-41,51.38,19.96,London,Railway Junction,Low
SEC-52,44.96,11.76,Berlin,Railway Junction,Low
SEC-12,57.22,12.09,Berlin,Railway Junction,Low
SEC-31,37.83,-7.32,Paris,Water Treatment Plant,Low
SEC-47,52.42,15.20,Zurich,Supply Depot,Low
SEC-68,44.38,-7.45,Zurich,Communications Tower,Extreme
SEC-45,48.42,20.64,Paris,Communications Tower,Medium
SEC-18,40.86,11.47,Warsaw,Railway Junction,Low
SEC-55,47.85,5.09,Madrid,Embassy Annex,Low
SEC-37,52.52,-5.21,Vienna,Embassy Annex,Low
SEC-47,58.01,8.43,Madrid,Embassy Annex,High
SEC-50,43.39,29.82,Madrid,Supply Depot,Medium
SEC-18,47.73,22.80,Geneva,Railway Junction,Low
SEC-19,44.47,2.23,Rome,Supply Depot,Medium
SEC-23,50.95,23.84,Copenhagen,Water Treatment Plant,Extreme
SEC-81,46.06,-4.83,Warsaw,Water Treatment Plant,Medium
SEC-60,53.06,-5.94,Paris,Power Grid Substation,Medium
SEC-38,40.58,-8.64,London,Embassy Annex,Extreme
SEC-62,58.82,19.66,Madrid,Supply Depot,Low
SEC-37,39.49,3.29,Warsaw,Power Grid Substation,Low
SEC-39,45.31,23.39,Prague,Water Treatment Plant,High
SEC-46,50.66,17.85,Vienna,Railway Junction,High
SEC-52,53.10,23.69,Copenhagen,Communications Tower,Low
SEC-19,39.27,-7.62,Berlin,Railway Junction,High
SEC-75,45.87,27.90,Brussels,Communications Tower,Low
SEC-14,54.38,22.62,Berlin,Power Grid Substation,Low
SEC-34,46.53,8.05,Geneva,Railway Junction,High
SEC-31,45.50,25.54,Berlin,Communications Tower,High
SEC-29,38.38,3.86,Zurich,Water Treatment Plant,High
SEC-59,39.83,12.52,Rome,Embassy Annex,Extreme
SEC-70,51.68,-7.97,London,Communications Tower,High
SEC-45,41.84,22.11,Paris,Embassy Annex,Medium
SEC-27,38.37,14.45,Vienna,Supply Depot,High
SEC-65,45.84,2.27,Berlin,Power Grid Substation,Medium
SEC-34,50.84,13.73,Madrid,Communications Tower,Extreme
SEC-49,39.83,29.02,Vienna,Supply Depot,Low
SEC-11,56.76,-0.24,Brussels,Supply Depot,Medium
SEC-93,56.91,2.82,Prague,Water Treatment Plant,Low
SEC-51,42.06,1.10,Paris,Communications Tower,Medium
SEC-68,36.38,24.40,London,Water Treatment Plant,High
SEC-16,47.10,2.46,Brussels,Embassy Annex,Extreme
SEC-39,55.55,-2.29,Rome,Supply Depot,High
SEC-52,45.91,19.88,Rome,Power Grid Substation,Low
SEC-49,55.35,0.97,Geneva,Embassy Annex,Extreme
SEC-83,52.72,11.38,Zurich,Supply Depot,High
SEC-33,52.94,19.20,Copenhagen,Water Treatment Plant,Low
SEC-28,44.09,-5.78,Madrid,Railway Junction,High
SEC-21,47.53,-4.76,London,Embassy Annex,Medium
SEC-79,48.20,6.73,Berlin,Water Treatment Plant,Medium
SEC-71,41.25,-6.46,Prague,Supply Depot,Medium
SEC-23,46.69,11.07,Warsaw,Communications Tower,Low
SEC-45,45.53,-5.34,London,Water Treatment Plant,High
SEC-51,45.45,19.43,Brussels,Supply Depot,High
SEC-45,46.78,0.03,Geneva,Water Treatment Plant,Medium
SEC-49,46.68,15.90,Copenhagen,Communications Tower,Low
SEC-56,53.43,-7.78,Paris,Communications Tower,High
SEC-78,46.74,9.00,Geneva,Embassy Annex,High
SEC-36,54.57,13.51,Geneva,Communications Tower,Extreme
SEC-58,43.40,16.92,Vienna,Communications Tower,Extreme
SEC-54,46.24,21.55,Geneva,Supply Depot,Medium
SEC-42,58.52,-3.25,Berlin,Railway Junction,High
SEC-10,55.86,3.69,Warsaw,Power Grid Substation,High
SEC-55,52.87,26.92,Madrid,Supply Depot,Extreme
SEC-59,45.63,-3.81,Paris,Power Grid Substation,Extreme
SEC-46,35.07,-1.67,Paris,Power Grid Substation,Medium
SEC-87,42.70,-6.51,London,Water Treatment Plant,Medium
SEC-77,47.53,0.08,Madrid,Communications Tower,High
SEC-41,56.45,3.38,Warsaw,Embassy Annex,Extreme
SEC-72,46.83,16.27,Madrid,Communications Tower,Extreme
SEC-81,40.84,1.55,Copenhagen,Railway Junction,High
SEC-14,45.98,16.19,Berlin,Supply Depot,Low
SEC-12,36.85,23.81,Madrid,Supply Depot,Medium
SEC-39,43.60,6.76,Paris,Communications Tower,Medium
SEC-55,41.44,24.90,Brussels,Power Grid Substation,High
SEC-46,42.46,23.31,Prague,Power Grid Substation,Low
SEC-59,53.08,-9.69,Copenhagen,Railway Junction,Low
SEC-50,54.47,16.34,Zurich,Railway Junction,Low
SEC-75,44.30,1.17,Madrid,Supply Depot,High
SEC-78,50.77,0.80,Madrid,Communications Tower,Medium
SEC-24,53.94,0.48,London,Railway Junction,Low
SEC-32,44.39,1.15,Rome,Supply Depot,Extreme
SEC-87,48.57,4.47,Vienna,Railway Junction,High
SEC-66,39.21,-4.10,Prague,Supply Depot,High
SEC-31,59.74,-5.84,Vienna,Supply Depot,Low
SEC-27,46.85,23.95,Paris,Communications Tower,High
SEC-52,42.35,16.34,Copenhagen,Railway Junction,High
SEC-81,46.49,8.88,Rome,Communications Tower,Low
SEC-46,49.85,-8.01,Brussels,Power Grid Substation,Extreme
SEC-46,39.47,21.12,Copenhagen,Railway Junction,Extreme
SEC-54,47.92,18.33,Warsaw,Railway Junction,Medium
SEC-59,52.79,24.47,Zurich,Water Treatment Plant,High
SEC-66,43.89,20.85,Geneva,Water Treatment Plant,Extreme
SEC-12,43.17,21.60,Warsaw,Railway Junction,Medium
SEC-89,46.85,29.00,Copenhagen,Railway Junction,Medium
SEC-60,55.78,17.98,Paris,Supply Depot,Low
SEC-12,42.41,27.25,Brussels,Communications Tower,Low
SEC-27,36.58,-4.26,Prague,Communications Tower,High
SEC-55,41.57,-8.33,Berlin,Railway Junction,Low
SEC-12,52.50,15.42,Warsaw,Power Grid Substation,High
SEC-86,38.58,-1.34,Prague,Water Treatment Plant,High
SEC-28,38.16,2.22,London,Embassy Annex,Medium
SEC-19,56.17,-2.19,Berlin,Power Grid Substation,Low
SEC-88,44.97,26.18,Berlin,Water Treatment Plant,Extreme
SEC-90,55.44,-9.47,Warsaw,Railway Junction,Extreme
SEC-32,54.76,8.84,Zurich,Water Treatment Plant,Low
SEC-87,52.02,13.55,Paris,Railway Junction,Low
SEC-97,48.35,10.27,Paris,Communications Tower,Low
SEC-94,36.46,-1.18,Prague,Supply Depot,High
SEC-55,37.29,0.99,Paris,Water Treatment Plant,Extreme
SEC-21,57.03,27.78,Copenhagen,Supply Depot,Extreme
SEC-38,46.39,5.65,Berlin,Embassy Annex,Medium
SEC-80,58.84,15.94,Copenhagen,Embassy Annex,High
SEC-95,35.50,16.65,Warsaw,Communications Tower,Extreme
SEC-54,43.26,17.50,Zurich,Power Grid Substation,High
SEC-23,36.15,12.48,Zurich,Communications Tower,Extreme
SEC-90,58.48,-5.06,Madrid,Railway Junction,Extreme
SEC-73,47.08,4.11,Prague,Power Grid Substation,Low
SEC-41,47.56,-7.32,Brussels,Water Treatment Plant,Low
SEC-44,59.85,17.46,Brussels,Embassy Annex,High
SEC-44,46.45,6.92,Geneva,Power Grid Substation,Medium
SEC-43,40.42,25.43,Madrid,Supply Depot,Medium
SEC-21,49.80,-7.38,Madrid,Railway Junction,Extreme
SEC-78,45.68,-4.45,Vienna,Railway Junction,Low
SEC-39,45.91,13.56,Zurich,Embassy Annex,Extreme
SEC-62,54.70,25.63,Rome,Embassy Annex,Extreme
SEC-96,49.87,6.60,Warsaw,Embassy Annex,Medium
SEC-16,39.81,21.92,Madrid,Communications Tower,High
SEC-54,43.70,25.67,Madrid,Power Grid Substation,Medium
SEC-58,56.40,-5.60,Copenhagen,Supply Depot,Medium
SEC-39,51.43,2.04,Paris,Power Grid Substation,Low
SEC-36,58.61,15.55,Zurich,Embassy Annex,Medium
SEC-96,53.06,5.02,Rome,Power Grid Substation,High
SEC-12,59.37,16.04,Madrid,Power Grid Substation,High
SEC-72,52.24,-1.14,Brussels,Railway Junction,Low
SEC-53,38.68,26.81,London,Water Treatment Plant,High
SEC-34,50.60,2.41,Rome,Embassy Annex,Medium
SEC-29,55.11,5.13,Madrid,Railway Junction,Low
SEC-56,35.05,26.59,Geneva,Water Treatment Plant,High
SEC-22,35.60,3.47,Zurich,Communications Tower,Medium
SEC-61,38.55,20.35,Copenhagen,Embassy Annex,Extreme
SEC-97,45.83,13.13,Brussels,Supply Depot,Low
SEC-24,46.65,12.76,Prague,Embassy Annex,High
SEC-37,49.75,18.56,Rome,Communications Tower,Medium
SEC-78,49.40,16.62,Berlin,Communications Tower,High
SEC-80,53.09,-2.54,Vienna,Communications Tower,High
SEC-12,49.40,-0.02,Copenhagen,Railway Junction,Extreme
SEC-23,35.83,-5.13,Vienna,Communications Tower,Low
SEC-82,59.97,5.45,London,Power Grid Substation,Medium
SEC-86,53.39,7.05,Copenhagen,Water Treatment Plant,Low
SEC-30,46.18,13.21,Madrid,Embassy Annex,Medium
SEC-17,37.72,28.29,Paris,Water Treatment Plant,Medium
SEC-68,42.75,24.82,Paris,Supply Depot,Extreme
SEC-89,35.56,10.41,Warsaw,Supply Depot,Extreme
SEC-19,40.88,17.82,Paris,Railway Junction,High
SEC-83,55.13,8.44,Brussels,Water Treatment Plant,High
SEC-86,42.31,9.25,Paris,Water Treatment Plant,Medium
SEC-41,47.19,1.38,Geneva,Supply Depot,Low
SEC-31,35.12,28.62,Berlin,Communications Tower,Extreme
SEC-97,36.90,12.06,London,Railway Junction,Low
SEC-87,48.32,11.78,Berlin,Railway Junction,High
SEC-63,52.16,16.53,Vienna,Communications Tower,Extreme
SEC-88,51.41,-2.21,Prague,Railway Junction,Medium
SEC-35,46.63,-5.35,Prague,Water Treatment Plant,Low
SEC-21,45.66,23.11,Berlin,Communications Tower,Extreme
SEC-92,39.63,-6.74,Paris,Supply Depot,Extreme
SEC-99,58.09,12.59,Madrid,Water Treatment Plant,Extreme
SEC-97,52.67,1.02,Geneva,Communications Tower,Medium
SEC-66,59.48,7.96,Zurich,Railway Junction,High
SEC-79,40.80,24.38,Prague,Communications Tower,Extreme
SEC-15,44.74,-0.96,Prague,Embassy Annex,Extreme
SEC-19,54.66,12.07,Brussels,Communications Tower,Extreme
SEC-75,46.05,9.29,Rome,Water Treatment Plant,High
SEC-51,40.55,23.88,Paris,Power Grid Substation,Low
SEC-51,35.12,4.35,Geneva,Embassy Annex,Medium
SEC-98,45.99,-3.44,Madrid,Railway Junction,High
SEC-84,51.77,13.58,Zurich,Power Grid Substation,Low
SEC-86,49.66,27.82,Berlin,Railway Junction,Low
SEC-26,56.16,12.30,Brussels,Embassy Annex,Low
SEC-65,56.87,15.50,Vienna,Embassy Annex,Medium
SEC-78,40.27,16.59,Rome,Power Grid Substation,Medium
SEC-41,51.35,3.56,Rome,Embassy Annex,Low
SEC-19,39.36,20.47,Warsaw,Power Grid Substation,Medium
SEC-72,51.87,7.43,Copenhagen,Railway Junction,High
SEC-59,36.57,-0.91,Zurich,Railway Junction,Extreme
SEC-96,55.09,-3.27,Berlin,Communications Tower,High
SEC-17,48.84,19.53,Copenhagen,Water Treatment Plant,Extreme
SEC-94,35.61,27.32,Rome,Supply Depot,Medium
SEC-79,55.62,16.25,Warsaw,Supply Depot,Low
SEC-75,56.93,7.77,Paris,Water Treatment Plant,Extreme
SEC-88,59.74,11.07,Berlin,Embassy Annex,Extreme
SEC-69,53.15,-6.95,Copenhagen,Water Treatment Plant,High
SEC-53,35.89,-2.14,Berlin,Railway Junction,Extreme
SEC-56,52.59,7.25,Warsaw,Power Grid Substation,Extreme
SEC-37,55.78,0.41,Zurich,Supply Depot,Medium
SEC-56,55.94,14.81,Warsaw,Water Treatment Plant,Extreme
SEC-19,55.40,-2.66,Madrid,Water Treatment Plant,Medium
SEC-45,39.79,26.44,Berlin,Communications Tower,High
SEC-84,59.70,23.98,Rome,Power Grid Substation,Medium
SEC-29,56.51,4.26,Zurich,Communications Tower,Extreme
SEC-96,50.09,21.97,Copenhagen,Communications Tower,High
SEC-59,37.97,23.35,London,Communications Tower,Extreme
SEC-77,56.18,21.75,London,Embassy Annex,Medium
SEC-28,54.57,-9.73,Vienna,Railway Junction,High
SEC-43,42.58,3.86,Copenhagen,Communications Tower,Extreme
SEC-54,54.57,-5.65,Warsaw,Embassy Annex,Low
SEC-50,50.40,5.83,Vienna,Communications Tower,Low
SEC-10,41.01,-5.54,Copenhagen,Water Treatment Plant,High
SEC-21,56.99,-3.84,Berlin,Embassy Annex,Extreme
SEC-37,55.10,-0.52,Paris,Supply Depot,Low
SEC-25,51.89,18.77,London,Supply Depot,Medium
SEC-53,47.44,-8.92,Berlin,Supply Depot,Medium
SEC-68,38.34,9.71,Madrid,Embassy Annex,High
SEC-84,51.90,9.02,Prague,Supply Depot,Medium
SEC-33,43.62,24.00,Geneva,Railway Junction,Medium
SEC-67,59.16,4.03,Copenhagen,Supply Depot,Low
SEC-36,40.08,-4.63,Berlin,Power Grid Substation,Low
SEC-75,37.43,14.65,Rome,Communications Tower,High
SEC-49,44.90,0.03,Rome,Railway Junction,High
SEC-24,36.87,-7.34,Vienna,Power Grid Substation,High
SEC-62,54.03,6.74,Rome,Power Grid Substation,Extreme
SEC-23,38.17,7.86,Rome,Supply Depot,Extreme
SEC-21,58.99,-0.52,Berlin,Water Treatment Plant,High
SEC-55,56.13,27.31,Rome,Water Treatment Plant,Medium
SEC-22,49.08,9.67,Zurich,Water Treatment Plant,Extreme
SEC-72,53.06,16.60,Geneva,Railway Junction,Extreme
SEC-46,40.18,8.98,Warsaw,Power Grid Substation,Extreme
SEC-20,46.58,3.10,London,Supply Depot,Medium
SEC-33,48.86,28.26,Prague,Railway Junction,Medium
SEC-79,55.73,9.10,Geneva,Railway Junction,High
SEC-68,43.08,20.22,Geneva,Water Treatment Plant,High
SEC-89,38.90,11.87,Copenhagen,Supply Depot,Extreme
SEC-29,55.15,-5.79,Prague,Embassy Annex,Medium
SEC-61,42.78,0.44,London,Communications Tower,Low
SEC-58,49.99,-2.53,London,Supply Depot,High
SEC-81,42.10,24.34,Zurich,Embassy Annex,Low
SEC-67,47.57,14.71,Geneva,Water Treatment Plant,Low
SEC-68,36.01,7.81,Vienna,Embassy Annex,High
SEC-53,49.76,10.07,Rome,Railway Junction,Low
SEC-54,48.65,3.64,Madrid,Communications Tower,High
SEC-52,38.48,-4.19,Vienna,Supply Depot,Low
SEC-27,38.89,18.21,Zurich,Railway Junction,Medium
SEC-66,37.09,12.91,Warsaw,Railway Junction,Medium
SEC-10,48.93,26.46,Paris,Embassy Annex,Medium
SEC-93,39.46,4.09,Zurich,Supply Depot,High
SEC-33,58.52,24.49,Zurich,Supply Depot,High
SEC-25,38.54,27.05,Warsaw,Supply Depot,Low
SEC-16,41.74,2.53,Geneva,Power Grid Substation,Medium
SEC-23,58.08,4.29,Berlin,Railway Junction,Medium
SEC-16,46.70,0.84,Zurich,Supply Depot,Medium
SEC-81,35.50,28.76,Vienna,Embassy Annex,High
SEC-72,40.89,17.33,Zurich,Water Treatment Plant,Low
SEC-62,49.01,25.15,Rome,Embassy Annex,Extreme
SEC-32,47.84,18.38,Zurich,Water Treatment Plant,Medium
SEC-97,57.46,28.32,Copenhagen,Communications Tower,Medium
SEC-65,37.40,8.56,Prague,Supply Depot,High
SEC-49,49.40,13.58,Zurich,Embassy Annex,High
SEC-77,52.50,20.91,Zurich,Water Treatment Plant,Medium
SEC-82,54.37,27.48,Zurich,Power Grid Substation,High
SEC-71,45.46,12.47,Copenhagen,Embassy Annex,Low
SEC-86,58.28,21.15,Brussels,Supply Depot,Low
SEC-50,52.64,-6.68,Berlin,Power Grid Substation,Low
SEC-21,44.43,-4.75,Zurich,Railway Junction,High
SEC-92,48.90,-0.92,Warsaw,Embassy Annex,Medium
SEC-78,37.64,-5.63,Prague,Communications Tower,Medium
SEC-28,41.51,1.69,Prague,Power Grid Substation,Low
SEC-91,44.51,-7.31,London,Embassy Annex,Medium
SEC-80,36.96,3.21,London,Embassy Annex,Low
SEC-45,42.03,14.70,Copenhagen,Communications Tower,Medium
SEC-74,54.39,-0.08,London,Embassy Annex,Extreme
SEC-76,43.93,-9.83,London,Embassy Annex,Medium
SEC-91,52.88,-2.93,Brussels,Water Treatment Plant,Extreme
SEC-25,51.95,-7.25,Copenhagen,Railway Junction,Extreme
SEC-49,37.84,17.52,Brussels,Communications Tower,Medium
SEC-45,51.95,-5.61,Madrid,Communications Tower,High
SEC-36,55.62,13.43,Rome,Water Treatment Plant,Extreme
SEC-88,47.15,13.87,Madrid,Railway Junction,Extreme
SEC-21,51.81,-1.50,Copenhagen,Railway Junction,High
SEC-43,43.03,-3.94,Geneva,Water Treatment Plant,High
SEC-89,54.54,4.20,Paris,Communications Tower,High
SEC-49,56.63,9.43,Warsaw,Embassy Annex,Medium
SEC-23,47.83,17.68,Paris,Railway Junction,Extreme
SEC-59,54.51,-1.15,Vienna,Communications Tower,Extreme
SEC-66,38.80,6.55,Vienna,Communications Tower,High
SEC-41,38.11,9.78,Paris,Power Grid Substation,High
SEC-33,38.17,26.30,Berlin,Water Treatment Plant,Medium
SEC-46,40.69,12.54,London,Communications Tower,High
SEC-70,55.74,22.67,Rome,Embassy Annex,Medium
SEC-14,47.54,18.86,Vienna,Power Grid Substation,High
SEC-97,40.36,7.42,Madrid,Communications Tower,Medium
SEC-70,38.23,-9.96,Warsaw,Communications Tower,Extreme
SEC-21,47.97,13.24,Geneva,Embassy Annex,Low
SEC-99,57.40,17.98,Rome,Water Treatment Plant,Extreme
SEC-48,44.11,-1.21,Prague,Power Grid Substation,Medium
SEC-71,47.35,-7.74,Geneva,Railway Junction,Extreme
SEC-46,54.00,23.59,Brussels,Power Grid Substation,Medium
SEC-64,41.15,19.30,Madrid,Power Grid Substation,Medium
SEC-41,45.83,12.34,London,Embassy Annex,Low
SEC-76,42.62,16.88,London,Supply Depot,High
SEC-52,41.74,15.35,Brussels,Power Grid Substation,Low
SEC-63,36.09,13.81,London,Communications Tower,Extreme
SEC-13,55.96,-1.71,Vienna,Water Treatment Plant,Low
SEC-42,40.52,10.22,Brussels,Embassy Annex,Low
SEC-63,43.39,22.62,Zurich,Water Treatment Plant,Extreme
SEC-27,42.00,27.14,Prague,Supply Depot,High
SEC-68,41.57,29.24,Madrid,Water Treatment Plant,Low
SEC-10,54.28,24.30,Vienna,Embassy Annex,Low
SEC-31,40.02,-2.21,Berlin,Railway Junction,High
SEC-27,50.62,28.74,London,Water Treatment Plant,High
SEC-75,56.90,-3.20,Rome,Embassy Annex,Extreme
SEC-91,52.06,-2.01,Vienna,Railway Junction,Medium
SEC-86,58.34,-8.26,Prague,Communications Tower,Low
SEC-97,47.43,22.09,Paris,Supply Depot,High
SEC-23,37.83,1.45,Prague,Supply Depot,Extreme
SEC-61,53.78,0.69,Prague,Railway Junction,Extreme
SEC-67,59.26,14.16,Berlin,Supply Depot,Low
SEC-80,35.57,22.43,Vienna,Power Grid Substation,Extreme
SEC-97,47.58,17.40,London,Communications Tower,High
SEC-71,37.98,8.46,Brussels,Embassy Annex,Medium
SEC-93,43.21,16.78,Rome,Railway Junction,Medium
SEC-60,47.96,9.07,Brussels,Communications Tower,High
SEC-48,51.67,2.30,Paris,Supply Depot,Medium
SEC-50,36.65,26.15,Vienna,Supply Depot,Low
SEC-24,35.85,1.45,Madrid,Supply Depot,High
SEC-28,36.19,23.96,Warsaw,Power Grid Substation,Extreme
SEC-84,40.96,-6.91,Paris,Supply Depot,High
SEC-68,46.69,1.46,Paris,Supply Depot,Low
SEC-94,49.27,12.04,Paris,Embassy Annex,Extreme
SEC-93,58.42,-8.61,Vienna,Power Grid Substation,Extreme
SEC-75,35.15,16.59,Zurich,Power Grid Substation,Extreme
SEC-65,37.39,-6.06,Warsaw,Communications Tower,Extreme
SEC-53,35.24,1.00,Berlin,Communications Tower,Low
SEC-57,48.17,19.90,Madrid,Railway Junction,Extreme
SEC-93,40.16,-0.16,Prague,Communications Tower,Extreme
SEC-91,51.70,1.61,Brussels,Power Grid Substation,Extreme
SEC-98,51.23,22.68,Warsaw,Power Grid Substation,Medium
SEC-88,54.26,19.31,Madrid,Communications Tower,Medium
SEC-13,56.37,14.15,Vienna,Power Grid Substation,Medium
SEC-61,39.11,-6.68,Rome,Railway Junction,Low
SEC-57,44.61,0.28,Madrid,Supply Depot,High
SEC-82,35.09,28.30,Brussels,Embassy Annex,Extreme
SEC-12,48.12,16.54,Madrid,Communications Tower,High
SEC-19,43.31,-7.85,Vienna,Railway Junction,Medium
SEC-11,48.80,25.73,Rome,Water Treatment Plant,Medium
SEC-85,47.06,5.39,Berlin,Railway Junction,Low
SEC-48,52.95,-3.59,Geneva,Communications Tower,Medium
SEC-76,39.91,-9.58,Madrid,Communications Tower,High
SEC-70,45.20,-4.49,Copenhagen,Railway Junction,Medium
SEC-53,43.93,2.85,Berlin,Power Grid Substation,High
SEC-39,58.99,24.83,London,Water Treatment Plant,Extreme
SEC-96,45.46,9.97,Prague,Communications Tower,Medium
SEC-99,51.91,8.72,Brussels,Embassy Annex,High
SEC-57,41.35,1.86,Prague,Embassy Annex,Medium
SEC-62,36.27,-3.47,Brussels,Power Grid Substation,Medium
SEC-93,50.64,8.91,Warsaw,Supply Depot,Medium
SEC-87,40.61,20.94,Paris,Supply Depot,Low
SEC-98,54.36,-5.16,Rome,Embassy Annex,Medium
SEC-95,51.32,18.74,London,Railway Junction,High
SEC-88,57.09,0.67,London,Water Treatment Plant,High
SEC-62,53.27,18.41,London,Embassy Annex,Extreme
SEC-68,45.78,9.53,Berlin,Communications Tower,Low
SEC-44,50.55,7.03,Brussels,Supply Depot,Low
SEC-21,42.06,-7.22,London,Supply Depot,Low
SEC-57,40.16,12.06,London,Power Grid Substation,High
SEC-61,57.09,22.50,Paris,Embassy Annex,Low
SEC-37,50.08,8.41,London,Power Grid Substation,Extreme
SEC-93,46.09,-9.19,Prague,Water Treatment Plant,Extreme
SEC-17,42.17,18.43,Zurich,Supply Depot,Extreme
SEC-54,45.38,24.69,Warsaw,Communications Tower,Low
SEC-74,46.75,5.91,Geneva,Supply Depot,Low
SEC-14,55.30,-5.64,London,Railway Junction,Medium
SEC-85,41.57,11.80,Prague,Communications Tower,Medium
SEC-63,59.01,13.50,Zurich,Supply Depot,Low
SEC-64,45.35,3.19,Paris,Communications Tower,Low
SEC-81,57.25,7.33,Berlin,Supply Depot,Medium
SEC-48,49.12,1.41,Warsaw,Communications Tower,High
SEC-29,49.59,-7.23,Vienna,Water Treatment Plant,Low
SEC-41,56.00,9.75,Geneva,Water Treatment Plant,Medium
SEC-18,37.19,23.17,Madrid,Power Grid Substation,Low
SEC-72,54.25,15.88,Brussels,Embassy Annex,Extreme
SEC-32,46.10,24.64,Prague,Water Treatment Plant,Medium
SEC-61,35.09,-7.50,Paris,Water Treatment Plant,Low
SEC-50,44.87,29.22,Vienna,Embassy Annex,Extreme
SEC-80,45.53,-3.59,Warsaw,Communications Tower,Low
SEC-40,41.67,23.64,London,Embassy Annex,Low
SEC-53,58.37,12.70,Paris,Supply Depot,Low
SEC-81,36.57,21.52,London,Water Treatment Plant,Low
SEC-91,50.86,24.64,Brussels,Power Grid Substation,Low
SEC-21,55.83,26.21,Brussels,Communications Tower,High
SEC-38,48.27,6.81,Zurich,Railway Junction,Medium
SEC-57,40.88,4.73,Berlin,Power Grid Substation,Low
SEC-59,35.99,-8.76,Prague,Water Treatment Plant,High
SEC-74,42.40,0.08,Geneva,Communications Tower,Medium
SEC-96,51.73,27.52,Copenhagen,Power Grid Substation,Medium
SEC-50,49.73,-8.59,Berlin,Water Treatment Plant,Low
SEC-54,39.30,14.08,Warsaw,Water Treatment Plant,High
SEC-56,39.21,4.76,Paris,Embassy Annex,Low
SEC-14,41.91,20.99,London,Communications Tower,High
SEC-13,38.14,3.90,Geneva,Power Grid Substation,Low
SEC-89,40.13,28.10,London,Power Grid Substation,High
SEC-41,49.41,8.81,Prague,Power Grid Substation,High
SEC-24,57.43,29.01,Madrid,Railway Junction,Low
SEC-15,38.56,20.82,Brussels,Supply Depot,High
SEC-65,53.71,-0.14,Prague,Water Treatment Plant,Medium
SEC-80,42.64,26.20,Paris,Communications Tower,Extreme
SEC-62,45.71,25.69,Zurich,Supply Depot,High
SEC-91,38.60,2.01,London,Water Treatment Plant,Extreme
SEC-19,36.43,-1.78,Madrid,Communications Tower,High
SEC-12,46.67,-4.26,Brussels,Embassy Annex,High
SEC-43,49.86,5.87,Berlin,Water Treatment Plant,Extreme
SEC-79,37.37,20.53,Berlin,Supply Depot,Extreme
SEC-30,51.17,12.28,Rome,Embassy Annex,Extreme
SEC-11,59.24,28.93,Brussels,Embassy Annex,High
SEC-28,47.52,1.11,Geneva,Railway Junction,Low
SEC-13,51.35,13.06,Warsaw,Embassy Annex,Low
SEC-61,49.83,8.31,Warsaw,Railway Junction,High
SEC-73,50.43,14.02,Vienna,Railway Junction,Low
SEC-20,43.20,0.78,Warsaw,Power Grid Substation,High
SEC-92,37.64,14.10,Zurich,Railway Junction,Extreme
SEC-14,55.65,17.16,Berlin,Embassy Annex,High
SEC-96,46.53,-7.16,Warsaw,Communications Tower,Low
SEC-29,47.43,29.76,Madrid,Water Treatment Plant,High
SEC-48,52.34,29.20,Brussels,Supply Depot,Extreme
SEC-39,38.77,-8.75,Vienna,Embassy Annex,Medium
SEC-48,38.06,-5.72,Warsaw,Communications Tower,Medium
SEC-46,39.53,27.08,Copenhagen,Water Treatment Plant,High
SEC-20,44.13,19.49,Madrid,Supply Depot,High
SEC-56,50.26,20.73,Paris,Supply Depot,Medium
SEC-40,44.26,-9.33,Berlin,Railway Junction,Extreme
SEC-39,56.81,2.89,Rome,Supply Depot,High
SEC-52,57.53,29.93,London,Embassy Annex,Low
SEC-87,43.15,14.84,Paris,Embassy Annex,Low
SEC-62,58.05,3.69,Copenhagen,Water Treatment Plant,Medium
SEC-71,38.60,27.30,Geneva,Supply Depot,Medium
SEC-81,45.75,9.72,Geneva,Communications Tower,Medium
SEC-72,49.35,-2.81,Warsaw,Power Grid Substation,Medium
SEC-89,59.70,9.83,Vienna,Water Treatment Plant,Medium
SEC-48,41.72,-4.01,Geneva,Embassy Annex,High
SEC-17,52.86,-3.46,Copenhagen,Railway Junction,High
SEC-11,51.59,13.14,London,Communications Tower,Extreme
SEC-74,42.56,6.72,Berlin,Power Grid Substation,Low
SEC-26,45.71,18.17,Vienna,Communications Tower,Extreme
SEC-80,36.98,20.65,Berlin,Communications Tower,High
SEC-49,44.83,25.45,Brussels,Communications Tower,High
SEC-30,58.12,11.25,Paris,Supply Depot,Medium
SEC-42,39.68,-6.54,Prague,Communications Tower,Extreme
SEC-14,56.02,9.06,Madrid,Supply Depot,Low
SEC-10,41.83,25.05,Copenhagen,Water Treatment Plant,High
SEC-62,52.78,3.69,Paris,Embassy Annex,High
SEC-79,58.88,19.12,Paris,Power Grid Substation,Extreme
SEC-68,47.41,23.79,Vienna,Water Treatment Plant,Extreme
SEC-85,43.69,-4.84,Berlin,Railway Junction,Low
SEC-29,48.70,21.93,Rome,Power Grid Substation,Medium
SEC-57,48.38,12.59,London,Supply Depot,High
SEC-59,57.31,-2.85,Paris,Railway Junction,Low
SEC-60,45.75,-6.96,Paris,Railway Junction,Medium
SEC-95,56.64,19.15,Geneva,Supply Depot,Medium
SEC-70,56.37,13.97,London,Communications Tower,Low
SEC-39,59.32,16.18,Copenhagen,Embassy Annex,High
SEC-38,43.07,11.64,Vienna,Water Treatment Plant,Extreme
SEC-53,52.11,1.55,Vienna,Power Grid Substation,Medium
SEC-34,58.73,18.97,Berlin,Communications Tower,Medium
SEC-29,58.42,-6.79,Paris,Power Grid Substation,High
SEC-10,52.93,21.41,Berlin,Power Grid Substation,High
SEC-63,59.19,12.13,Vienna,Railway Junction,Extreme
SEC-79,54.84,1.20,Brussels,Supply Depot,Extreme
SEC-29,55.82,1.59,Vienna,Supply Depot,High
SEC-68,50.93,-2.33,Madrid,Embassy Annex,Extreme
SEC-75,50.93,5.47,Copenhagen,Water Treatment Plant,Extreme
SEC-60,53.61,-8.84,Prague,Embassy Annex,High
SEC-83,40.19,8.48,Brussels,Power Grid Substation,High
SEC-66,52.81,2.39,London,Supply Depot,Extreme
SEC-27,37.64,-2.20,Prague,Embassy Annex,High
SEC-80,45.54,18.20,Brussels,Embassy Annex,Low
SEC-68,43.07,-1.35,London,Embassy Annex,High
SEC-41,44.04,-4.16,Prague,Embassy Annex,Medium
SEC-43,47.37,-4.77,Rome,Power Grid Substation,Extreme
SEC-60,42.16,24.52,Prague,Supply Depot,Medium
SEC-92,56.79,17.29,Rome,Railway Junction,High
SEC-30,56.47,18.66,Zurich,Water Treatment Plant,Medium
SEC-20,36.90,2.69,Paris,Railway Junction,High
SEC-33,58.57,18.95,London,Communications Tower,Low
SEC-64,49.91,13.31,Brussels,Power Grid Substation,Extreme
SEC-27,46.03,9.03,Warsaw,Power Grid Substation,Medium
SEC-21,47.42,-8.02,Zurich,Water Treatment Plant,Medium
SEC-27,59.25,7.81,London,Embassy Annex,Extreme
SEC-16,38.38,29.66,Prague,Embassy Annex,High
SEC-75,55.20,-3.19,Zurich,Water Treatment Plant,Extreme
SEC-21,52.07,-8.58,Warsaw,Embassy Annex,Medium
SEC-76,44.47,27.57,Paris,Embassy Annex,Extreme
SEC-69,41.36,-5.83,Rome,Communications Tower,Medium
SEC-78,54.16,-6.38,Brussels,Supply Depot,Low
SEC-77,37.15,5.63,Zurich,Water Treatment Plant,Extreme
SEC-71,51.94,17.53,Brussels,Supply Depot,Medium
SEC-21,49.77,8.45,Brussels,Embassy Annex,Low
SEC-90,48.61,20.63,Geneva,Railway Junction,Extreme
SEC-51,53.03,27.73,Paris,Power Grid Substation,Extreme
SEC-28,46.22,-9.92,London,Railway Junction,High
SEC-42,45.81,29.44,Brussels,Embassy Annex,High
SEC-53,57.27,18.57,Berlin,Railway Junction,High
SEC-29,45.12,21.98,Paris,Railway Junction,High
SEC-35,45.50,5.28,Prague,Supply Depot,Low
SEC-70,35.98,14.00,Paris,Power Grid Substation,Low
SEC-51,42.23,28.02,Prague,Railway Junction,Medium
SEC-51,51.41,3.65,Geneva,Water Treatment Plant,High
SEC-80,41.94,-3.89,Warsaw,Water Treatment Plant,High
SEC-60,58.54,27.91,Zurich,Power Grid Substation,Low
SEC-14,35.62,29.57,Vienna,Water Treatment Plant,Extreme
SEC-62,42.04,13.16,Berlin,Embassy Annex,Low
SEC-90,39.44,25.59,Berlin,Power Grid Substation,High
SEC-49,43.72,24.01,Paris,Supply Depot,Low
SEC-49,42.73,11.38,Prague,Railway Junction,Extreme
SEC-12,56.08,3.31,Berlin,Supply Depot,High
SEC-39,41.51,13.64,London,Water Treatment Plant,High
SEC-36,40.89,3.87,Rome,Supply Depot,High
SEC-43,53.04,0.32,Berlin,Power Grid Substation,High
SEC-67,51.68,23.19,Paris,Water Treatment Plant,Low
SEC-48,38.48,29.53,Vienna,Embassy Annex,Medium
SEC-32,41.94,0.05,Rome,Embassy Annex,Medium
SEC-69,46.36,23.21,Rome,Water Treatment Plant,Medium
SEC-65,58.38,10.66,Prague,Power Grid Substation,Extreme
SEC-57,46.47,16.38,Copenhagen,Railway Junction,Extreme
SEC-78,36.21,19.22,Brussels,Communications Tower,High
SEC-81,55.83,15.93,Prague,Communications Tower,Extreme
SEC-28,47.17,5.19,Brussels,Communications Tower,Extreme
SEC-62,38.26,4.35,Warsaw,Embassy Annex,High
SEC-44,42.25,2.45,Rome,Water Treatment Plant,Extreme
SEC-52,47.49,7.98,Berlin,Railway Junction,Extreme
SEC-15,49.41,24.75,London,Embassy Annex,Low
SEC-82,42.26,-4.47,Paris,Railway Junction,Medium
SEC-92,36.04,10.75,Paris,Embassy Annex,Extreme
SEC-77,37.22,1.30,Paris,Power Grid Substation,Extreme
SEC-48,38.95,13.03,Copenhagen,Water Treatment Plant,Low
SEC-52,44.76,25.31,Warsaw,Railway Junction,Medium
SEC-21,49.66,-2.04,London,Railway Junction,Low
SEC-67,40.58,28.96,London,Power Grid Substation,Low
SEC-54,45.72,23.48,Paris,Supply Depot,Medium
SEC-62,58.37,26.82,Zurich,Railway Junction,Extreme
SEC-60,50.83,5.05,Rome,Railway Junction,Medium
SEC-76,51.05,2.21,Prague,Water Treatment Plant,High
SEC-89,55.28,1.30,Vienna,Supply Depot,High
SEC-49,35.40,-4.73,London,Railway Junction,Low
SEC-67,37.92,-7.47,Berlin,Water Treatment Plant,Extreme
SEC-54,43.16,12.25,Warsaw,Communications Tower,Low
SEC-14,57.28,-8.57,Berlin,Water Treatment Plant,Medium
SEC-28,46.56,14.36,Geneva,Communications Tower,Low
SEC-88,47.87,0.23,Zurich,Supply Depot,Low
SEC-45,47.04,-0.96,Geneva,Power Grid Substation,High
SEC-61,53.49,-7.25,Prague,Water Treatment Plant,High
SEC-22,48.94,-9.03,Geneva,Railway Junction,Medium
SEC-17,47.87,-7.97,London,Embassy Annex,Low
SEC-54,40.37,5.96,Warsaw,Railway Junction,Extreme
SEC-47,38.14,10.25,Warsaw,Railway Junction,Medium
SEC-35,41.55,13.57,Rome,Power Grid Substation,Medium
SEC-91,39.08,27.18,Berlin,Water Treatment Plant,High
SEC-80,59.99,19.86,Paris,Communications Tower,Extreme
SEC-71,53.18,16.12,Paris,Communications Tower,Extreme
SEC-27,53.14,-0.70,Zurich,Railway Junction,High
SEC-12,44.76,-7.64,Madrid,Embassy Annex,High
SEC-19,50.13,2.92,Copenhagen,Communications Tower,Medium
SEC-77,47.94,12.19,Brussels,Power Grid Substation,High
SEC-62,37.13,12.56,Berlin,Embassy Annex,Extreme
SEC-21,46.24,7.30,Copenhagen,Supply Depot,Low
SEC-71,53.50,15.83,Zurich,Communications Tower,Medium
SEC-69,41.30,0.17,Geneva,Embassy Annex,Low
SEC-78,50.11,13.55,Paris,Communications Tower,Low
SEC-99,57.44,-8.59,Prague,Supply Depot,High
SEC-43,37.28,-2.01,Rome,Railway Junction,High
SEC-78,43.11,-4.39,Prague,Supply Depot,Extreme
SEC-86,50.09,1.47,Warsaw,Power Grid Substation,Low
SEC-34,58.98,21.09,Geneva,Communications Tower,Low
SEC-93,35.20,-2.71,Prague,Supply Depot,High
SEC-15,45.20,21.12,Zurich,Communications Tower,Low
SEC-23,58.61,-9.90,Paris,Power Grid Substation,Extreme
SEC-20,40.69,2.15,Prague,Railway Junction,Medium
SEC-86,46.93,9.76,Rome,Supply Depot,Low
SEC-55,38.45,13.59,London,Embassy Annex,High
SEC-73,52.60,18.77,London,Power Grid Substation,Extreme
SEC-38,56.61,22.85,Vienna,Water Treatment Plant,Extreme
SEC-49,36.43,-1.98,Rome,Power Grid Substation,Low
SEC-88,36.00,23.88,London,Communications Tower,High
SEC-37,46.87,6.59,London,Power Grid Substation,Low
SEC-16,48.62,-9.89,Vienna,Embassy Annex,High
SEC-15,56.71,12.03,Vienna,Railway Junction,Medium
SEC-29,52.23,12.94,London,Embassy Annex,Medium
SEC-83,42.49,28.56,Copenhagen,Embassy Annex,High
SEC-13,38.56,5.81,Brussels,Embassy Annex,Medium
SEC-69,58.09,16.53,Vienna,Power Grid Substation,High
SEC-32,37.48,6.76,Paris,Communications Tower,High
SEC-96,37.38,10.69,Zurich,Water Treatment Plant,High
SEC-50,37.27,4.15,Copenhagen,Supply Depot,Medium
SEC-32,47.38,4.54,Paris,Water Treatment Plant,Medium
SEC-45,49.58,29.09,Brussels,Power Grid Substation,Low
SEC-42,39.61,29.71,Copenhagen,Communications Tower,Low
SEC-63,56.81,26.02,Copenhagen,Communications Tower,High
SEC-19,53.93,-7.77,Warsaw,Water Treatment Plant,Medium
SEC-84,40.65,18.36,Zurich,Communications Tower,Extreme
SEC-56,38.84,0.64,Copenhagen,Supply Depot,High
SEC-47,51.01,20.63,Vienna,Railway Junction,Extreme
SEC-53,59.23,27.81,Brussels,Railway Junction,Medium
SEC-13,47.44,-5.36,Zurich,Power Grid Substation,Medium
SEC-63,46.35,3.17,Copenhagen,Water Treatment Plant,Low
SEC-94,36.91,11.88,Berlin,Water Treatment Plant,Low
SEC-67,35.82,2.63,Warsaw,Communications Tower,Extreme
SEC-67,53.08,18.66,Geneva,Power Grid Substation,High
SEC-74,46.07,19.84,Brussels,Water Treatment Plant,Low
SEC-12,51.62,15.35,Prague,Water Treatment Plant,Low
SEC-64,44.22,23.35,Brussels,Power Grid Substation,Medium
SEC-17,43.95,15.57,Zurich,Supply Depot,Medium
SEC-76,43.33,12.68,Geneva,Embassy Annex,Extreme
SEC-13,45.30,19.80,Paris,Railway Junction,Low
SEC-45,55.43,-8.12,Madrid,Embassy Annex,Low
SEC-15,58.78,10.56,Berlin,Power Grid Substation,Low
SEC-85,59.54,10.27,Madrid,Railway Junction,Extreme
SEC-57,41.88,-6.02,Zurich,Supply Depot,High
SEC-28,45.98,-5.92,Paris,Embassy Annex,Medium
SEC-85,54.00,28.66,Madrid,Water Treatment Plant,Extreme
SEC-36,57.47,-7.57,London,Railway Junction,High
SEC-76,40.81,-3.05,Warsaw,Power Grid Substation,Medium
SEC-81,54.21,24.13,Madrid,Communications Tower,Extreme
SEC-13,36.00,8.80,Madrid,Communications Tower,Low
SEC-16,40.46,8.46,Paris,Supply Depot,Extreme
SEC-44,53.36,20.97,Copenhagen,Power Grid Substation,High
SEC-17,44.87,21.47,Prague,Railway Junction,Medium
SEC-71,49.99,16.90,Prague,Supply Depot,Low
SEC-21,43.64,21.30,Berlin,Power Grid Substation,Low
SEC-14,46.70,13.74,Rome,Power Grid Substation,Extreme
SEC-18,36.21,27.89,Madrid,Supply Depot,Extreme
SEC-19,57.34,5.21,Paris,Supply Depot,High
SEC-53,50.64,21.66,Madrid,Power Grid Substation,Extreme
SEC-53,52.46,21.73,Warsaw,Power Grid Substation,Low
SEC-46,35.36,5.97,Paris,Embassy Annex,Extreme
SEC-40,38.14,7.92,Vienna,Supply Depot,Low
SEC-32,53.29,26.47,Geneva,Embassy Annex,Extreme
SEC-58,40.65,27.95,London,Supply Depot,Medium
SEC-32,46.67,-6.83,Madrid,Railway Junction,Extreme
SEC-46,45.88,18.37,Vienna,Communications Tower,Extreme
SEC-93,55.39,13.59,Brussels,Embassy Annex,Low
SEC-75,42.75,11.62,London,Water Treatment Plant,Medium
SEC-92,38.85,10.58,Madrid,Water Treatment Plant,Low
SEC-51,44.77,14.50,London,Railway Junction,Medium
SEC-71,40.54,4.33,Copenhagen,Communications Tower,Low
SEC-17,41.17,8.79,Berlin,Supply Depot,Extreme
SEC-78,38.41,21.10,Zurich,Railway Junction,Low
SEC-17,58.83,-0.82,Paris,Supply Depot,Extreme
SEC-19,51.71,24.92,Geneva,Power Grid Substation,Low
SEC-23,36.04,28.65,Zurich,Power Grid Substation,Medium
SEC-65,44.68,-1.81,Paris,Power Grid Substation,Extreme
SEC-55,36.70,-6.46,Vienna,Railway Junction,High
SEC-37,44.53,20.71,London,Communications Tower,Medium
SEC-55,35.68,9.39,Paris,Water Treatment Plant,High
SEC-46,36.61,15.07,Berlin,Railway Junction,Medium
SEC-22,57.09,27.56,Copenhagen,Railway Junction,High
SEC-30,36.29,-5.70,Copenhagen,Communications Tower,Low
SEC-48,45.36,3.32,Brussels,Power Grid Substation,Medium
SEC-99,56.33,7.40,Zurich,Supply Depot,Low
SEC-54,44.38,9.14,Brussels,Embassy Annex,High
SEC-73,49.04,-3.17,Zurich,Power Grid Substation,Medium
SEC-28,50.56,9.15,Madrid,Communications Tower,Low
SEC-53,59.15,17.81,Warsaw,Supply Depot,Medium
SEC-86,42.23,0.48,Rome,Railway Junction,High
SEC-69,47.01,0.71,Warsaw,Water Treatment Plant,Medium
SEC-32,44.27,9.44,Rome,Railway Junction,Extreme
SEC-91,38.00,25.29,Rome,Power Grid Substation,High
SEC-67,53.98,-9.95,Paris,Water Treatment Plant,Extreme
SEC-89,56.90,17.28,Madrid,Communications Tower,Extreme
SEC-86,47.55,12.17,Geneva,Railway Junction,High
SEC-75,42.09,18.27,Vienna,Embassy Annex,High
SEC-35,56.19,28.43,Berlin,Supply Depot,High
SEC-53,48.60,16.61,Geneva,Embassy Annex,High
SEC-94,54.96,9.73,Vienna,Water Treatment Plant,Medium
SEC-62,41.88,9.71,Berlin,Embassy Annex,Medium
SEC-67,42.22,2.36,Brussels,Communications Tower,Medium
SEC-69,45.15,23.82,London,Railway Junction,Extreme
SEC-82,50.50,-0.80,Brussels,Embassy Annex,Medium
SEC-78,57.71,25.64,Vienna,Supply Depot,High
SEC-15,54.89,3.08,Vienna,Communications Tower,Low
SEC-19,49.49,17.80,Copenhagen,Power Grid Substation,Medium
SEC-81,57.34,1.05,Rome,Supply Depot,Medium
SEC-91,42.97,19.77,London,Embassy Annex,Extreme
SEC-73,47.13,13.96,Rome,Power Grid Substation,Extreme
SEC-76,54.83,28.89,Copenhagen,Railway Junction,Extreme
SEC-76,42.79,8.60,Warsaw,Railway Junction,Low
SEC-14,58.00,27.51,Geneva,Embassy Annex,High
SEC-62,41.31,8.27,Berlin,Water Treatment Plant,Medium
SEC-87,57.69,19.14,Warsaw,Water Treatment Plant,Low
SEC-96,52.38,9.12,Copenhagen,Power Grid Substation,Low
SEC-37,56.25,10.30,Berlin,Embassy Annex,Low
SEC-18,49.44,16.50,London,Embassy Annex,Medium
SEC-43,40.08,13.81,Paris,Embassy Annex,Low
SEC-27,49.84,12.00,Warsaw,Embassy Annex,Extreme
SEC-22,40.70,3.91,Zurich,Supply Depot,Low
SEC-73,46.47,-6.44,London,Water Treatment Plant,Low
SEC-44,49.72,5.39,Copenhagen,Communications Tower,Medium
SEC-23,43.68,21.16,Zurich,Railway Junction,Medium
SEC-65,39.97,-0.20,Madrid,Embassy Annex,High
SEC-48,52.32,13.85,Madrid,Supply Depot,Medium
SEC-14,55.33,18.89,Paris,Power Grid Substation,High
SEC-70,44.46,21.90,Prague,Embassy Annex,High
SEC-97,36.21,16.34,Zurich,Supply Depot,Low
SEC-43,43.39,28.52,Rome,Supply Depot,Low
SEC-20,45.51,23.32,Geneva,Power Grid Substation,Low
SEC-40,55.94,14.89,Geneva,Supply Depot,Low
SEC-22,56.53,-8.80,Rome,Supply Depot,Low
SEC-29,42.27,7.44,Rome,Power Grid Substation,Low
SEC-23,50.26,21.07,Prague,Water Treatment Plant,Extreme
SEC-94,37.08,21.70,Warsaw,Railway Junction,Low
SEC-73,52.88,1.11,Zurich,Railway Junction,High
SEC-90,47.13,10.18,Vienna,Embassy Annex,Medium
SEC-40,38.95,24.17,Berlin,Railway Junction,Extreme
SEC-66,57.18,19.77,Berlin,Supply Depot,Low
SEC-26,42.21,19.43,Vienna,Communications Tower,Low
SEC-81,54.90,26.88,Vienna,Railway Junction,Medium
SEC-53,38.67,-2.42,Geneva,Railway Junction,Extreme
SEC-69,50.95,-2.42,Copenhagen,Power Grid Substation,Low
SEC-10,36.36,8.33,Paris,Supply Depot,High
SEC-41,39.29,-8.27,Rome,Power Grid Substation,Medium
SEC-72,45.61,-5.61,Madrid,Water Treatment Plant,Low
SEC-52,46.17,-4.57,Berlin,Water Treatment Plant,Low
SEC-20,56.91,-5.03,Zurich,Railway Junction,Medium
SEC-10,37.77,11.21,Vienna,Supply Depot,Extreme
SEC-35,54.18,-9.76,London,Water Treatment Plant,Extreme
SEC-23,47.77,-7.08,Zurich,Power Grid Substation,Medium
SEC-84,59.71,0.90,Zurich,Power Grid Substation,Low
SEC-77,55.82,19.16,Vienna,Supply Depot,High
SEC-66,58.85,19.33,Madrid,Embassy Annex,Medium
SEC-25,38.09,10.28,Berlin,Communications Tower,Extreme
SEC-97,59.55,-2.76,Madrid,Supply Depot,Low
SEC-59,58.19,8.91,Warsaw,Power Grid Substation,Medium
SEC-58,53.96,9.65,London,Railway Junction,Extreme
SEC-96,35.51,20.12,Paris,Embassy Annex,High
SEC-14,57.75,-0.77,Geneva,Embassy Annex,Low
SEC-96,41.57,22.12,Vienna,Railway Junction,Medium
SEC-44,52.21,25.53,Berlin,Railway Junction,Extreme
SEC-30,57.68,0.89,London,Embassy Annex,Low
SEC-99,43.27,-7.64,Brussels,Water Treatment Plant,Medium
SEC-80,45.96,12.61,Warsaw,Supply Depot,High
SEC-77,51.47,-5.93,Copenhagen,Power Grid Substation,Low
SEC-42,49.13,18.88,London,Communications Tower,High
SEC-70,39.74,29.57,Copenhagen,Railway Junction,Low
SEC-74,54.90,29.15,Prague,Supply Depot,Extreme
SEC-25,51.75,12.93,Copenhagen,Power Grid Substation,High
SEC-16,47.67,9.81,Paris,Water Treatment Plant,Extreme
SEC-12,44.17,1.24,Prague,Communications Tower,Extreme
SEC-25,42.24,15.71,London,Water Treatment Plant,Extreme
SEC-42,35.25,-1.69,Brussels,Embassy Annex,High
SEC-66,45.81,-2.47,Rome,Supply Depot,Low
SEC-99,56.02,16.64,Geneva,Railway Junction,Extreme
SEC-95,53.98,15.98,Paris,Power Grid Substation,Medium
SEC-76,42.73,28.71,London,Power Grid Substation,Low
SEC-20,36.25,24.46,Brussels,Embassy Annex,Medium
SEC-11,40.53,19.00,Rome,Railway Junction,Low
SEC-98,42.39,5.24,Paris,Supply Depot,Extreme
SEC-45,39.67,13.00,Rome,Power Grid Substation,Extreme
SEC-69,37.25,12.55,Prague,Embassy Annex,Low
SEC-52,49.46,4.34,Geneva,Embassy Annex,Extreme
SEC-23,56.96,23.32,Rome,Communications Tower,Extreme
SEC-27,45.46,-7.38,Prague,Embassy Annex,High
SEC-55,52.29,9.77,Warsaw,Embassy Annex,High
SEC-93,59.25,-9.17,Zurich,Water Treatment Plant,Extreme
SEC-42,35.48,2.59,Prague,Embassy Annex,Medium
SEC-92,57.10,-7.32,Berlin,Communications Tower,Medium
SEC-26,51.68,19.79,Zurich,Railway Junction,Extreme
SEC-55,53.93,12.69,London,Railway Junction,Extreme
SEC-46,39.91,28.94,Vienna,Embassy Annex,High
SEC-16,49.03,14.10,Rome,Communications Tower,Extreme
SEC-33,38.84,27.85,Paris,Embassy Annex,Extreme
SEC-66,51.16,3.96,Geneva,Water Treatment Plant,Medium
SEC-84,48.32,1.80,Brussels,Power Grid Substation,Medium
SEC-59,38.07,14.78,Geneva,Railway Junction,High
SEC-19,52.71,0.63,Brussels,Supply Depot,Low
SEC-58,39.97,15.43,Rome,Supply Depot,Low
SEC-88,47.39,2.31,Prague,Railway Junction,Medium
SEC-37,39.96,1.81,Prague,Power Grid Substation,Medium
SEC-62,54.63,22.61,Brussels,Supply Depot,High
SEC-75,37.47,-0.32,Vienna,Power Grid Substation,Medium
SEC-97,51.89,-2.64,Madrid,Supply Depot,Extreme
SEC-76,57.29,4.99,Vienna,Water Treatment Plant,Extreme
SEC-57,42.22,11.12,Berlin,Water Treatment Plant,Low
SEC-33,39.78,12.63,Warsaw,Power Grid Substation,Low
SEC-34,44.33,13.04,Geneva,Embassy Annex,Extreme
SEC-52,48.87,16.72,Warsaw,Communications Tower,Low
SEC-19,43.62,24.67,Zurich,Supply Depot,Medium
SEC-30,35.47,-0.24,Vienna,Power Grid Substation,Medium
SEC-51,54.60,1.52,Zurich,Embassy Annex,Low
SEC-56,37.92,9.56,Paris,Power Grid Substation,High
SEC-18,35.32,16.06,Warsaw,Communications Tower,Extreme
SEC-66,54.03,-3.57,Madrid,Power Grid Substation,Low
SEC-31,41.11,8.25,Berlin,Water Treatment Plant,Extreme
SEC-18,56.75,22.84,Prague,Communications Tower,Extreme
SEC-76,39.37,17.98,Geneva,Embassy Annex,High
SEC-75,49.03,4.22,Vienna,Power Grid Substation,High
SEC-93,41.85,14.50,Zurich,Embassy Annex,Low
SEC-60,51.70,11.21,London,Railway Junction,Medium
SEC-50,37.45,18.01,Paris,Communications Tower,High
SEC-65,54.63,-3.68,Copenhagen,Supply Depot,Medium
SEC-93,36.21,11.04,London,Power Grid Substation,Medium
SEC-47,55.09,15.31,Rome,Supply Depot,High
SEC-57,47.87,-6.79,Vienna,Supply Depot,High
SEC-20,45.82,10.79,London,Water Treatment Plant,Extreme
SEC-67,44.41,8.41,Vienna,Communications Tower,Low
SEC-73,54.47,8.41,Brussels,Railway Junction,Low
SEC-91,56.67,-3.62,Rome,Water Treatment Plant,Medium
SEC-65,49.97,-2.26,Prague,Railway Junction,Medium
SEC-42,56.42,12.83,Berlin,Communications Tower,Low
SEC-24,41.95,26.25,Warsaw,Supply Depot,Low
SEC-48,49.94,1.96,Rome,Supply Depot,High
SEC-30,42.25,17.78,Prague,Power Grid Substation,Low
SEC-30,54.22,-2.88,Berlin,Embassy Annex,Low
SEC-91,45.00,7.42,Rome,Railway Junction,Extreme
SEC-48,43.77,2.55,Paris,Communications Tower,Extreme
SEC-91,54.45,6.07,Vienna,Water Treatment Plant,Low
SEC-46,51.70,16.87,Rome,Water Treatment Plant,Medium
SEC-21,52.59,17.25,Vienna,Communications Tower,High
SEC-85,50.74,-0.09,Paris,Embassy Annex,High
SEC-19,37.40,6.45,Warsaw,Water Treatment Plant,Low
SEC-31,44.57,28.37,Geneva,Supply Depot,High
SEC-52,46.00,3.45,Madrid,Power Grid Substation,High
SEC-65,54.19,-0.59,Madrid,Power Grid Substation,Low
SEC-62,37.42,29.85,Zurich,Railway Junction,Extreme
SEC-86,36.30,0.31,Warsaw,Railway Junction,Medium
SEC-91,51.38,9.31,Paris,Water Treatment Plant,Low
SEC-93,46.73,13.13,London,Power Grid Substation,Low
SEC-98,38.37,-4.44,Paris,Communications Tower,High
SEC-12,59.63,11.73,Vienna,Railway Junction,High
SEC-25,46.06,-5.29,Madrid,Communications Tower,Medium
SEC-47,37.68,1.87,Zurich,Water Treatment Plant,High
SEC-34,49.90,-5.83,Brussels,Power Grid Substation,Medium
SEC-91,41.67,15.40,Rome,Supply Depot,Extreme
SEC-13,50.88,16.12,Copenhagen,Power Grid Substation,Medium
SEC-35,47.62,-6.54,Paris,Railway Junction,Low
SEC-12,35.50,16.60,Warsaw,Embassy Annex,Extreme
SEC-52,39.43,28.44,Geneva,Power Grid Substation,Low
SEC-40,39.64,5.02,Warsaw,Water Treatment Plant,Medium
SEC-92,44.06,9.14,Warsaw,Water Treatment Plant,Low
SEC-53,40.80,6.78,Berlin,Supply Depot,Medium
SEC-33,47.28,18.10,Rome,Water Treatment Plant,High
SEC-32,46.21,20.33,Rome,Railway Junction,High
SEC-98,52.49,3.72,London,Supply Depot,Medium
SEC-58,37.22,21.36,Zurich,Railway Junction,Low
SEC-56,49.55,21.87,Rome,Supply Depot,High
SEC-75,50.76,13.56,Warsaw,Water Treatment Plant,Low
SEC-47,48.93,13.01,Copenhagen,Embassy Annex,Medium
SEC-30,41.34,23.02,Brussels,Communications Tower,High
SEC-35,49.30,17.34,London,Power Grid Substation,High
SEC-75,46.45,13.90,Prague,Railway Junction,Extreme
SEC-44,47.61,2.66,Brussels,Embassy Annex,Extreme
SEC-67,50.77,5.32,Geneva,Power Grid Substation,Low
SEC-51,54.26,9.56,Zurich,Supply Depot,Medium
SEC-91,53.49,25.67,Madrid,Supply Depot,Extreme
SEC-26,50.59,-8.40,Warsaw,Railway Junction,Low
SEC-99,51.41,18.20,Rome,Embassy Annex,High
SEC-58,37.70,3.08,London,Railway Junction,High
SEC-29,42.23,14.63,Madrid,Supply Depot,High
SEC-68,56.34,10.93,Prague,Water Treatment Plant,Medium
SEC-41,49.92,15.61,Paris,Water Treatment Plant,High
SEC-73,35.33,16.29,Copenhagen,Supply Depot,High
SEC-12,59.75,6.88,Brussels,Embassy Annex,Low
SEC-10,35.24,27.36,Warsaw,Railway Junction,Low
SEC-39,39.76,17.05,Geneva,Communications Tower,Extreme
SEC-68,41.62,4.32,Vienna,Power Grid Substation,Medium
SEC-24,47.88,21.35,London,Railway Junction,Medium
SEC-39,36.09,16.74,Warsaw,Communications Tower,Low
SEC-20,48.94,19.12,Madrid,Communications Tower,High
SEC-77,50.93,15.92,London,Supply Depot,Medium
SEC-61,40.55,22.12,Paris,Power Grid Substation,High
SEC-71,41.09,25.33,Madrid,Water Treatment Plant,Low
SEC-72,59.53,15.99,Paris,Communications Tower,Medium
SEC-97,58.79,-8.26,Zurich,Embassy Annex,Extreme
SEC-85,59.20,-4.13,Geneva,Water Treatment Plant,Extreme
SEC-75,46.65,20.04,Vienna,Communications Tower,Medium
SEC-79,47.44,-5.11,London,Railway Junction,Extreme
SEC-85,36.72,17.74,Brussels,Power Grid Substation,Medium
SEC-38,42.65,3.78,Rome,Embassy Annex,Low
SEC-36,45.49,26.23,Zurich,Embassy Annex,High
SEC-90,47.03,3.23,Madrid,Supply Depot,High
SEC-75,36.57,7.55,Brussels,Railway Junction,Extreme
SEC-91,45.39,24.80,Madrid,Railway Junction,Low
SEC-28,55.83,24.22,Zurich,Embassy Annex,High
SEC-51,40.29,15.34,Geneva,Railway Junction,Medium
SEC-63,50.48,7.10,Geneva,Power Grid Substation,Medium
SEC-41,55.53,28.93,Rome,Railway Junction,Extreme
SEC-97,53.44,-2.95,Geneva,Supply Depot,High
SEC-89,35.92,-5.22,Madrid,Power Grid Substation,High
SEC-52,58.37,-6.32,Geneva,Supply Depot,Extreme
SEC-57,39.82,13.71,Prague,Communications Tower,Low
SEC-70,46.61,1.73,Prague,Railway Junction,High
SEC-98,43.58,24.88,Madrid,Railway Junction,Extreme
SEC-19,49.43,-4.55,Copenhagen,Power Grid Substation,Extreme
SEC-36,39.10,12.09,Brussels,Supply Depot,Extreme
SEC-48,42.58,-9.70,Brussels,Power Grid Substation,Extreme
SEC-10,58.20,14.28,London,Water Treatment Plant,Extreme
SEC-61,53.13,16.36,Warsaw,Railway Junction,Medium
SEC-33,40.93,21.48,Brussels,Supply Depot,High
SEC-16,52.07,21.72,Prague,Power Grid Substation,Low
SEC-28,35.55,0.53,London,Communications Tower,Extreme
SEC-38,51.92,27.38,Paris,Embassy Annex,Low
SEC-98,56.54,19.82,Copenhagen,Communications Tower,Medium
SEC-34,37.04,14.69,Prague,Water Treatment Plant,Low
SEC-61,42.39,7.97,Vienna,Water Treatment Plant,High
SEC-79,38.74,-0.73,Warsaw,Power Grid Substation,Medium
SEC-41,55.61,10.77,Madrid,Communications Tower,Low
SEC-77,55.26,-1.29,Prague,Communications Tower,Extreme
SEC-71,52.40,-5.31,Rome,Supply Depot,Medium
SEC-57,37.88,13.83,Brussels,Power Grid Substation,Medium
SEC-47,42.07,27.65,Brussels,Power Grid Substation,Low
SEC-76,40.88,23.17,London,Water Treatment Plant,Low
SEC-14,45.60,27.98,Prague,Communications Tower,Medium
SEC-72,59.00,8.21,Rome,Embassy Annex,Extreme
SEC-52,59.92,6.60,Paris,Supply Depot,Medium
SEC-91,51.33,-2.91,Zurich,Railway Junction,Medium
SEC-40,47.10,24.26,Berlin,Railway Junction,Medium
SEC-46,41.83,27.76,Berlin,Power Grid Substation,Extreme
SEC-16,38.60,25.03,Rome,Water Treatment Plant,Extreme
SEC-24,38.58,13.88,London,Water Treatment Plant,Medium
SEC-98,49.95,29.63,Berlin,Supply Depot,Medium
SEC-86,55.72,25.88,Paris,Communications Tower,Extreme
SEC-67,49.71,-5.22,Prague,Communications Tower,Extreme
SEC-13,58.76,9.24,Geneva,Water Treatment Plant,Extreme
SEC-52,59.88,-6.72,Berlin,Railway Junction,Medium
SEC-39,59.86,28.02,Rome,Power Grid Substation,High
SEC-48,49.71,22.79,Brussels,Embassy Annex,High
SEC-52,47.92,-5.20,Paris,Communications Tower,High
SEC-91,39.48,11.46,Warsaw,Communications Tower,Extreme
SEC-94,59.39,-6.53,Rome,Embassy Annex,Medium
SEC-34,51.23,1.57,Copenhagen,Water Treatment Plant,High
SEC-58,42.60,23.95,Geneva,Railway Junction,Extreme
SEC-71,56.32,20.89,Rome,Embassy Annex,High
SEC-18,40.83,8.36,Berlin,Water Treatment Plant,Extreme
SEC-88,58.84,-1.35,Copenhagen,Railway Junction,Low
SEC-21,48.08,-0.77,Berlin,Communications Tower,Medium
SEC-75,54.91,1.13,Brussels,Power Grid Substation,High
SEC-51,41.46,-0.10,Warsaw,Supply Depot,Medium
SEC-49,37.67,29.36,Zurich,Power Grid Substation,Low
SEC-11,59.03,-4.20,Brussels,Power Grid Substation,Extreme
SEC-47,48.50,-4.67,Prague,Railway Junction,Medium
SEC-41,51.93,12.24,Berlin,Water Treatment Plant,Low
SEC-64,38.59,5.52,London,Embassy Annex,Low
SEC-26,35.46,20.75,Berlin,Communications Tower,Extreme
SEC-41,56.43,-8.50,Berlin,Power Grid Substation,Low
SEC-60,54.33,-1.22,Prague,Embassy Annex,High
SEC-81,42.36,-4.36,Madrid,Embassy Annex,Low
SEC-73,47.70,10.69,Rome,Water Treatment Plant,Medium
SEC-22,46.51,25.57,Prague,Embassy Annex,Low
SEC-29,53.65,-4.95,Vienna,Supply Depot,High
SEC-69,57.75,5.00,Warsaw,Embassy Annex,Extreme
SEC-10,35.47,-8.47,Geneva,Railway Junction,Medium
SEC-87,38.97,27.27,Vienna,Supply Depot,Extreme
SEC-42,45.80,-9.83,Warsaw,Water Treatment Plant,Low
SEC-62,48.20,-5.56,Vienna,Water Treatment Plant,Medium
SEC-32,57.38,-1.02,Zurich,Power Grid Substation,Extreme
SEC-21,55.47,7.48,Brussels,Communications Tower,Extreme
SEC-77,53.22,-1.01,Zurich,Supply Depot,Low
SEC-39,36.56,-4.58,Warsaw,Embassy Annex,Extreme
SEC-72,47.39,1.10,Zurich,Supply Depot,Low
SEC-93,49.48,-1.87,Zurich,Water Treatment Plant,Medium
SEC-68,53.11,-3.45,London,Water Treatment Plant,Medium
SEC-52,36.90,-7.45,Paris,Power Grid Substation,Low
SEC-92,59.07,15.80,Berlin,Communications Tower,Medium
SEC-94,57.25,14.27,Geneva,Embassy Annex,Low
SEC-13,38.38,9.17,London,Communications Tower,Extreme
SEC-78,36.13,-4.65,Prague,Communications Tower,High
SEC-83,41.87,20.36,Vienna,Water Treatment Plant,Medium
SEC-14,53.40,-1.02,Geneva,Water Treatment Plant,Low
SEC-43,58.19,26.06,Vienna,Supply Depot,High
